Series Name,Series Code,Country Name,Country Code,1975 [YR1975],1976 [YR1976],1977 [YR1977],1978 [YR1978],1979 [YR1979],1980 [YR1980],1981 [YR1981],1982 [YR1982],1983 [YR1983],1984 [YR1984],1985 [YR1985],1986 [YR1986],1987 [YR1987],1988 [YR1988],1989 [YR1989],1990 [YR1990],1991 [YR1991],1992 [YR1992],1993 [YR1993],1994 [YR1994],1995 [YR1995],1996 [YR1996],1997 [YR1997],1998 [YR1998],1999 [YR1999],2000 [YR2000],2001 [YR2001],2002 [YR2002],2003 [YR2003],2004 [YR2004],2005 [YR2005],2006 [YR2006],2007 [YR2007],2008 [YR2008],2009 [YR2009],2010 [YR2010],2011 [YR2011],2012 [YR2012],2013 [YR2013],2014 [YR2014],2015 [YR2015],2016 [YR2016],2017 [YR2017],2018 [YR2018],2019 [YR2019],2020 [YR2020],2021 [YR2021],2022 [YR2022],2023 [YR2023],2024 [YR2024]
"Population, total",SP.POP.TOTL,Bangladesh,BGD,77854351,79855318,81867264,83889655,85935072,88016432,90303105,92814507,95335155,97814966,100253825,102635572,104959291,107216008,109433799,111633717,113787109,115952192,118132360,120343179,122600370,124862179,127198069,129622332,132108065,134544304,136805810,138933658,140970351,142902856,144715786,146405973,147989278,149474264,150873714,152201981,153591076,155070101,156532141,157964929,159383179,160811932,162186147,163523103,164913055,166298024,167658854,169384897,171466990,..
"Population, total",SP.POP.TOTL,Philippines,PHL,42120826,43201488,44367962,45575281,46807103,48043740,49311727,50695707,52194620,53726181,55213006,56645077,58157496,59739052,61265260,62854666,64382249,65926125,67530621,69019291,70546246,72190242,73908810,75791024,77753257,79625397,81401488,83068889,84731835,86394504,88015962,89508986,91075184,92699095,94384250,96337125,98248614,100175512,102076336,103767130,105312992,106735719,108119693,109465287,110804683,112081264,113100950,113964338,114891199,..
"Population, total",SP.POP.TOTL,Maldives,MDV,143158,147525,151930,156159,160360,164835,169532,174333,179128,184198,190169,196935,203944,210885,217738,224762,231802,238543,244884,250822,256649,262347,267707,272723,277412,282019,286767,291616,296491,301413,306429,313851,324479,336170,348275,360792,373674,386818,400070,413617,428154,443308,458287,473099,487731,502118,516154,524106,525994,..
GDP (current US$),NY.GDP.MKTP.CD,Bangladesh,BGD,19448348073.4565,10117113333.3333,9651149301.8746,13281767142.8571,15565480321.9448,18138049095.6072,20249694002.448,18525399201.5968,17609048821.5488,18920840000,22278423076.9231,21774033333.3333,24298032258.0645,26579005558.3652,28781715188.8919,31598340778.2164,30957483949.5798,31708874594.1645,33166519417.9894,33768660882.793,37939748768.6567,46438484107.5795,48244309133.4895,49984559471.3656,51270569883.5275,53369787318.6245,53991289844.3291,54724081490.5102,60158929188.2556,65108544250.0425,69476001239.419,71795736172.1561,79611644974.5571,91636997370.9772,102475158190.998,115275540051.262,128607482310.357,133310747603.483,149998957434.186,172886611653.786,195146608978.131,265224515675.034,293732446624.596,321362752441.78,351231654603.692,373979442362.193,416271647911.014,460131688909.301,437415331040.994,..
GDP (current US$),NY.GDP.MKTP.CD,Philippines,PHL,16875240683.5083,19381055197.2794,22283109803.3521,25762224562.6316,31218296292.1295,36848080898.8112,40499388869.1271,42206011275.1757,37759179894.5298,35730185633.5233,34961486348.2382,33987207294.9432,37791488666.0743,43152128958.6116,48513773720.673,50508286641.5746,51784144942.727,60422328242.1803,62036529147.1831,73159336915.2718,84644328727.4825,94648084429.0341,94106317565.0846,74492416329.9142,85640171045.1254,83669788254.7279,78921234457.5487,84307345887.543,87039092974.2272,95001999685.3314,107419977318.166,127652926368.069,155980408673.403,181624626327.361,175974755881.372,208368893151.144,234216730295.938,261920540972.102,283902828581.65,297483555344.802,306445871246.718,318627003012.52,328480736798.792,346841896583.515,376823402244.928,361751145451.597,394087359848.11,404353369604.631,437146372729.942,..
GDP (current US$),NY.GDP.MKTP.CD,Maldives,MDV,24540877.6041667,22399467.1052632,20853788.7115165,24369109.1415831,38523364.4859813,42463576.1589404,44781456.9536424,47911340.1834794,57829787.2340426,109503546.099291,127190757.959989,141882254.230178,141223029.383064,168514513.375071,189514434.244,215043969.849246,244396761.92334,284875809.039634,322417837.161971,356014932.136461,398988954.970263,450382327.952421,508223602.378929,540096397.621071,589239753.610875,624337145.284622,870031676.798793,897031250,1052121054.6875,1226829562.5,1163362437.5,1575200390.625,1868383460.9375,2271646187.5,2345294875,2588176054.6875,2774350240.04918,2886163997.20531,3295009237.50107,3697353039.20043,4129505319.12921,4409942623.85538,4816426256.52914,5404344162.69888,5726094799.37709,3712604583.36665,5252457369.55218,6177118113.94637,6590894301.9579,..
Urban population (% of total population),SP.URB.TOTL.IN.ZS,Bangladesh,BGD,9.836,10.701,11.63,12.629,13.701,14.851,15.801,16.212,16.631,17.06,17.496,17.941,18.395,18.859,19.33,19.811,20.257,20.61,20.966,21.328,21.693,22.064,22.438,22.818,23.202,23.59,24.096,24.756,25.429,26.114,26.809,27.517,28.237,28.968,29.709,30.462,31.225,31.993,32.762,33.535,34.308,35.083,35.858,36.632,37.405,38.177,38.946,39.711,40.473,..
Urban population (% of total population),SP.URB.TOTL.IN.ZS,Philippines,PHL,35.56,35.917,36.275,36.635,36.997,37.456,38.394,39.343,40.3,41.266,42.235,43.212,44.195,45.183,46.172,46.986,46.901,46.815,46.73,46.645,46.56,46.475,46.39,46.305,46.22,46.135,46.05,45.965,45.88,45.795,45.71,45.625,45.54,45.455,45.371,45.332,45.522,45.712,45.903,46.093,46.284,46.475,46.682,46.907,47.149,47.408,47.684,47.977,48.287,..
Urban population (% of total population),SP.URB.TOTL.IN.ZS,Maldives,MDV,17.304,18.596,19.958,20.978,21.607,22.25,22.905,23.574,24.257,24.954,25.491,25.57,25.648,25.727,25.806,25.84,25.776,25.713,25.649,25.586,25.638,26.008,26.379,26.755,27.134,27.706,28.859,30.042,31.252,32.49,33.75,34.794,35.2,35.61,36.021,36.434,36.849,37.267,37.685,38.106,38.529,38.954,39.38,39.808,40.238,40.669,41.102,41.536,41.971,..
Urban population growth (annual %),SP.URB.GROW,Bangladesh,BGD,11.127637312929,10.9664801351212,10.8133474586855,10.681091415763,10.5562733651834,10.4529864163851,8.76543977723244,5.31095691484391,5.23124074183937,5.11470445125715,4.98633687696953,4.85956854405228,4.73783043266168,4.61843413554954,4.51422460023934,4.44824137511541,4.13691830720748,3.61247079611315,3.5753412328971,3.56604562108603,3.55514181333649,3.52382163689494,3.53435540869328,3.56733618440501,3.5683944205951,3.48576902321487,3.78919012329527,4.24560842660015,4.13754474804158,4.01967855708384,3.88727279699365,3.76780329062168,3.6585584081155,3.55430184219139,3.45771848017416,3.37952637091381,3.38243094984493,3.38816336921706,3.31362694652739,3.24320415083496,3.17270852858097,3.12624427967519,3.03591935323805,2.95650246132498,2.93463203949941,2.87919726354917,2.80926009594233,2.9694492210023,3.12240139052793,..
Urban population growth (annual %),SP.URB.GROW,Philippines,PHL,3.69161136737449,3.53219047647432,3.65607863402746,3.67231243979956,3.65022569618856,3.84069434427967,5.07843532189108,5.20962047172787,5.31715995319535,5.2608447615903,5.0508451377782,4.84755304269695,4.88430957968905,4.89404335219479,4.68796616146148,4.30883247079036,2.22021236740521,2.18614789757566,2.22290422811899,1.99842866877477,2.00584888959916,2.1209153298837,2.16965370367804,2.3313869005306,2.3723210010291,2.1951948362633,2.02163263234443,1.8429183631649,1.7970188592038,1.75782929421418,1.67362961840003,1.49595667298796,1.54815910724662,1.58051153327687,1.61658047139181,1.96196058724375,2.38299131718598,2.35877441524003,2.29667982527197,2.05589334298163,1.89227731588436,1.75372718356756,1.73271429215336,1.71768683143166,1.73074389719995,1.69333383387045,1.48615173414499,1.37306015828637,1.45406572564598,..
Urban population growth (annual %),SP.URB.GROW,Maldives,MDV,10.266397338987,10.2069136980401,10.0090401603175,7.73042118290556,5.60911317021482,5.68537249970608,5.70963065078552,5.67162294418526,5.56987402689227,5.62463709094332,5.3188592790523,3.80489477977719,3.80315451402429,3.65273993770837,3.50442857834135,3.30831445327085,2.83483015324298,2.62307954927714,2.37310467036267,2.14994302909146,2.50061115740673,3.62791686981993,3.43860624806657,3.27222146361619,3.11142206224327,3.73293933764447,5.74697881762619,5.69402171041788,5.60651843613304,5.53166385181474,5.45556406629811,5.43918538099571,4.49099270113166,4.69720034739295,4.6851064028687,4.67109433102943,4.6406935652471,4.58480153190093,4.48398563882624,4.441369536953,4.55785449987142,4.57537101050229,4.41062656612564,4.26198709245255,4.12035901488311,3.97246450868966,3.8164283391555,2.579224173437,1.40129739627328,..
Net migration,SM.POP.NETM,Bangladesh,BGD,-390212,-424970,-458491,-486721,-507354,-515918,-184884,-156729,-201909,-245693,-287872,-331992,-367475,-395408,-406910,-404105,-230852,-246914,-271677,-206958,-231304,-254239,-273442,-286966,-286256,-512422,-737740,-819909,-896335,-970264,-1036635,-1091865,-1133553,-1158420,-1150194,-1113727,-848910,-829875,-862944,-889222,-909223,-918770,-1037176,-1029069,-1016796,-1002522,-994722,-549990,-549918,-473362
Net migration,SM.POP.NETM,Philippines,PHL,-220296,-115730,-123608,-140372,-154684,-179832,-134484,-19912,-10229,-48739,-171539,-209835,-68149,-147523,-235884,-63296,-413300,-50338,-298337,-326539,-280327,-128251,-145334,178274,-18323,-33868,-247496,-268520,-248066,-273743,-326063,-566647,-225977,-498480,-164411,13556,-240005,95702,-218439,-196524,-390702,-309251,-263593,-163602,-6208,-47014,-85185,-221754,-164284,-160373
Net migration,SM.POP.NETM,Maldives,MDV,-14,-101,-413,-716,-958,-903,-1014,-1220,-1608,-1300,-382,-175,-265,-564,-610,-271,-378,-522,-749,-768,-302,-183,-60,-94,-62,300,560,607,578,668,578,5006,6160,6035,6093,6369,6611,6800,6963,7700,9324,9421,9555,9637,9648,9642,9412,-2674,-2877,-2421
,,,,,,,,,,,,,,,,,,,,,,,,,,,,,,,,,,,,,,,,,,,,,,,,,,,,,
,,,,,,,,,,,,,,,,,,,,,,,,,,,,,,,,,,,,,,,,,,,,,,,,,,,,,
,,,,,,,,,,,,,,,,,,,,,,,,,,,,,,,,,,,,,,,,,,,,,,,,,,,,,
Data from database: World Development Indicators,,,,,,,,,,,,,,,,,,,,,,,,,,,,,,,,,,,,,,,,,,,,,,,,,,,,,
Last Updated: 04/15/2025,,,,,,,,,,,,,,,,,,,,,,,,,,,,,,,,,,,,,,,,,,,,,,,,,,,,,
