Country Name,Year,GDP (current US$),Net migration,"Population, total",Urban population (% of total population),Urban population growth (annual %),Sea Level (mm)
Bangladesh,1975,19448348073.4565,-390212.0,77854351.0,9.836,11.127637312929,-53.05465
Bangladesh,1976,10117113333.3333,-424970.0,79855318.0,10.701,10.9664801351212,-83.62342000000001
Bangladesh,1977,9651149301.8746,-458491.0,81867264.0,11.63,10.8133474586855,-88.31110000000001
Bangladesh,1978,13281767142.8571,-486721.0,83889655.0,12.629,10.681091415763,-62.64034
Bangladesh,1979,15565480321.9448,-507354.0,85935072.0,13.701,10.5562733651834,-76.96167
Bangladesh,1980,18138049095.6072,-515918.0,88016432.0,14.851,10.4529864163851,-65.645166
Bangladesh,1981,20249694002.448,-184884.0,90303105.0,15.801,8.76543977723244,-35.82126599999999
Bangladesh,1982,18525399201.5968,-156729.0,92814507.0,16.212,5.31095691484391,-111.306086
Bangladesh,1983,17609048821.5488,-201909.0,95335155.0,16.631,5.23124074183937,-76.89498
Bangladesh,1984,18920840000.0,-245693.0,97814966.0,17.06,5.11470445125715,-18.131262
Bangladesh,1985,22278423076.9231,-287872.0,100253825.0,17.496,4.98633687696953,-44.533517
Bangladesh,1986,21774033333.3333,-331992.0,102635572.0,17.941,4.85956854405228,-67.75179
Bangladesh,1987,24298032258.0645,-367475.0,104959291.0,18.395,4.73783043266168,-84.36294
Bangladesh,1988,26579005558.3652,-395408.0,107216008.0,18.859,4.61843413554954,-25.20204
Bangladesh,1989,28781715188.8919,-406910.0,109433799.0,19.33,4.51422460023934,-25.369605
Bangladesh,1990,31598340778.2164,-404105.0,111633717.0,19.811,4.44824137511541,-54.2849
Bangladesh,1991,30957483949.5798,-230852.0,113787109.0,20.257,4.13691830720748,-78.81702
Bangladesh,1992,31708874594.1645,-246914.0,115952192.0,20.61,3.61247079611315,-50.91840999999999
Bangladesh,1993,33166519417.9894,-271677.0,118132360.0,20.966,3.5753412328971,-54.58699
Bangladesh,1994,33768660882.793,-206958.0,120343179.0,21.328,3.56604562108603,-78.024246
Bangladesh,1995,37939748768.6567,-231304.0,122600370.0,21.693,3.55514181333649,-20.266859
Bangladesh,1996,46438484107.5795,-254239.0,124862179.0,22.064,3.52382163689494,-12.4339545
Bangladesh,1997,48244309133.4895,-273442.0,127198069.0,22.438,3.53435540869328,-101.404205
Bangladesh,1998,49984559471.3656,-286966.0,129622332.0,22.818,3.56733618440501,-18.826634
Bangladesh,1999,51270569883.5275,-286256.0,132108065.0,23.202,3.5683944205951,25.980206
Bangladesh,2000,53369787318.6245,-512422.0,134544304.0,23.59,3.48576902321487,32.74937
Bangladesh,2001,53991289844.3291,-737740.0,136805810.0,24.096,3.78919012329527,12.492357
Bangladesh,2002,54724081490.5102,-819909.0,138933658.0,24.756,4.24560842660015,-42.775214
Bangladesh,2003,60158929188.2556,-896335.0,140970351.0,25.429,4.13754474804158,-28.288348
Bangladesh,2004,65108544250.0425,-970264.0,142902856.0,26.114,4.01967855708384,-16.910706
Bangladesh,2005,69476001239.419,-1036635.0,144715786.0,26.809,3.88727279699365,-15.710536
Bangladesh,2006,71795736172.1561,-1091865.0,146405973.0,27.517,3.76780329062168,-37.58014
Bangladesh,2007,79611644974.5571,-1133553.0,147989278.0,28.237,3.6585584081155,-9.800105
Bangladesh,2008,91636997370.9772,-1158420.0,149474264.0,28.968,3.55430184219139,28.842734
Bangladesh,2009,102475158190.998,-1150194.0,150873714.0,29.709,3.45771848017416,10.4671605
Bangladesh,2010,115275540051.262,-1113727.0,152201981.0,30.462,3.37952637091381,36.40692
Bangladesh,2011,128607482310.357,-848910.0,153591076.0,31.225,3.38243094984493,35.87528
Bangladesh,2012,133310747603.483,-829875.0,155070101.0,31.993,3.38816336921706,49.730476
Bangladesh,2013,149998957434.186,-862944.0,156532141.0,32.762,3.31362694652739,62.88732
Bangladesh,2014,172886611653.786,-889222.0,157964929.0,33.535,3.24320415083496,8.564884
Bangladesh,2015,195146608978.131,-909223.0,159383179.0,34.308,3.17270852858097,-13.114951
Bangladesh,2016,265224515675.034,-918770.0,160811932.0,35.083,3.12624427967519,62.55766999999999
Bangladesh,2017,293732446624.596,-1037176.0,162186147.0,35.858,3.03591935323805,63.28892999999999
Bangladesh,2018,321362752441.78,-1029069.0,163523103.0,36.632,2.95650246132498,23.467915
Bangladesh,2019,351231654603.692,-1016796.0,164913055.0,37.405,2.93463203949941,-6.82635
Bangladesh,2020,373979442362.193,-1002522.0,166298024.0,38.177,2.87919726354917,47.619894
Bangladesh,2021,416271647911.014,-994722.0,167658854.0,38.946,2.80926009594233,107.45324
Bangladesh,2022,460131688909.301,-549990.0,169384897.0,39.711,2.9694492210023,
Bangladesh,2023,437415331040.994,-549918.0,171466990.0,40.473,3.12240139052793,
Bangladesh,2024,,-473362.0,,,,
Maldives,1975,24540877.6041667,-14.0,143158.0,17.304,10.266397338987,-43.666642
Maldives,1976,22399467.1052632,-101.0,147525.0,18.596,10.2069136980401,-39.47102
Maldives,1977,20853788.7115165,-413.0,151930.0,19.958,10.0090401603175,-46.42656
Maldives,1978,24369109.1415831,-716.0,156159.0,20.978,7.73042118290556,-44.38615
Maldives,1979,38523364.4859813,-958.0,160360.0,21.607,5.60911317021482,-55.730335
Maldives,1980,42463576.1589404,-903.0,164835.0,22.25,5.68537249970608,-52.84076
Maldives,1981,44781456.9536424,-1014.0,169532.0,22.905,5.70963065078552,-55.22421
Maldives,1982,47911340.1834794,-1220.0,174333.0,23.574,5.67162294418526,-46.207666
Maldives,1983,57829787.2340426,-1608.0,179128.0,24.257,5.56987402689227,-19.12158
Maldives,1984,109503546.099291,-1300.0,184198.0,24.954,5.62463709094332,-28.504154
Maldives,1985,127190757.959989,-382.0,190169.0,25.491,5.3188592790523,-43.702792
Maldives,1986,141882254.230178,-175.0,196935.0,25.57,3.80489477977719,-51.134314
Maldives,1987,141223029.383064,-265.0,203944.0,25.648,3.80315451402429,-43.079626
Maldives,1988,168514513.375071,-564.0,210885.0,25.727,3.65273993770837,-51.884092
Maldives,1989,189514434.244,-610.0,217738.0,25.806,3.50442857834135,-50.630465
Maldives,1990,215043969.849246,-271.0,224762.0,25.84,3.30831445327085,-43.61383600000001
Maldives,1991,244396761.92334,-378.0,231802.0,25.776,2.83483015324298,-27.152698
Maldives,1992,284875809.039634,-522.0,238543.0,25.713,2.62307954927714,-18.744597
Maldives,1993,322417837.161971,-749.0,244884.0,25.649,2.37310467036267,-20.934924
Maldives,1994,356014932.136461,-768.0,250822.0,25.586,2.14994302909146,-22.80432
Maldives,1995,398988954.970263,-302.0,256649.0,25.638,2.50061115740673,-21.02098
Maldives,1996,450382327.952421,-183.0,262347.0,26.008,3.62791686981993,-12.309054
Maldives,1997,508223602.378929,-60.0,267707.0,26.379,3.43860624806657,-6.2874095
Maldives,1998,540096397.621071,-94.0,272723.0,26.755,3.27222146361619,-11.140477
Maldives,1999,589239753.610875,-62.0,277412.0,27.134,3.11142206224327,-15.143047
Maldives,2000,624337145.284622,300.0,282019.0,27.706,3.73293933764447,-15.63166
Maldives,2001,870031676.798793,560.0,286767.0,28.859,5.74697881762619,-18.607875
Maldives,2002,897031250.0,607.0,291616.0,30.042,5.69402171041788,-25.280587
Maldives,2003,1052121054.6875,578.0,296491.0,31.252,5.60651843613304,-9.424024
Maldives,2004,1226829562.5,668.0,301413.0,32.49,5.53166385181474,-10.716255
Maldives,2005,1163362437.5,578.0,306429.0,33.75,5.45556406629811,-14.485725
Maldives,2006,1575200390.625,5006.0,313851.0,34.794,5.43918538099571,-2.982123
Maldives,2007,1868383460.9375,6160.0,324479.0,35.2,4.49099270113166,-1.7691187
Maldives,2008,2271646187.5,6035.0,336170.0,35.61,4.69720034739295,12.075171
Maldives,2009,2345294875.0,6093.0,348275.0,36.021,4.6851064028687,3.5966875
Maldives,2010,2588176054.6875,6369.0,360792.0,36.434,4.67109433102943,16.312165
Maldives,2011,2774350240.04918,6611.0,373674.0,36.849,4.6406935652471,31.054141
Maldives,2012,2886163997.20531,6800.0,386818.0,37.267,4.58480153190093,39.02416
Maldives,2013,3295009237.50107,6963.0,400070.0,37.685,4.48398563882624,26.126646
Maldives,2014,3697353039.20043,7700.0,413617.0,38.106,4.441369536953,36.609367
Maldives,2015,4129505319.12921,9324.0,428154.0,38.529,4.55785449987142,57.33419
Maldives,2016,4409942623.85538,9421.0,443308.0,38.954,4.57537101050229,52.52353
Maldives,2017,4816426256.52914,9555.0,458287.0,39.38,4.41062656612564,47.629785
Maldives,2018,5404344162.69888,9637.0,473099.0,39.808,4.26198709245255,55.218372
Maldives,2019,5726094799.37709,9648.0,487731.0,40.238,4.12035901488311,59.96149
Maldives,2020,3712604583.36665,9642.0,502118.0,40.669,3.97246450868966,76.27687599999999
Maldives,2021,5252457369.55218,9412.0,516154.0,41.102,3.8164283391555,85.67245
Maldives,2022,6177118113.94637,-2674.0,524106.0,41.536,2.579224173437,
Maldives,2023,6590894301.9579,-2877.0,525994.0,41.971,1.40129739627328,
Maldives,2024,,-2421.0,,,,
Philippines,1975,16875240683.5083,-220296.0,42120826.0,35.56,3.69161136737449,-37.42325
Philippines,1976,19381055197.2794,-115730.0,43201488.0,35.917,3.53219047647432,-69.68105
Philippines,1977,22283109803.3521,-123608.0,44367962.0,36.275,3.65607863402746,-62.438082
Philippines,1978,25762224562.6316,-140372.0,45575281.0,36.635,3.67231243979956,-54.847475
Philippines,1979,31218296292.1295,-154684.0,46807103.0,36.997,3.65022569618856,-77.487245
Philippines,1980,36848080898.8112,-179832.0,48043740.0,37.456,3.84069434427967,-82.64383000000001
Philippines,1981,40499388869.1271,-134484.0,49311727.0,38.394,5.07843532189108,-57.525083
Philippines,1982,42206011275.1757,-19912.0,50695707.0,39.343,5.20962047172787,-112.201855
Philippines,1983,37759179894.5298,-10229.0,52194620.0,40.3,5.31715995319535,-110.824734
Philippines,1984,35730185633.5233,-48739.0,53726181.0,41.266,5.2608447615903,-26.159275
Philippines,1985,34961486348.2382,-171539.0,55213006.0,42.235,5.0508451377782,-29.47972
Philippines,1986,33987207294.9432,-209835.0,56645077.0,43.212,4.84755304269695,-65.35768999999999
Philippines,1987,37791488666.0743,-68149.0,58157496.0,44.195,4.88430957968905,-98.56081
Philippines,1988,43152128958.6116,-147523.0,59739052.0,45.183,4.89404335219479,-23.244604
Philippines,1989,48513773720.673,-235884.0,61265260.0,46.172,4.68796616146148,-6.205494
Philippines,1990,50508286641.5746,-63296.0,62854666.0,46.986,4.30883247079036,-68.17281
Philippines,1991,51784144942.727,-413300.0,64382249.0,46.901,2.22021236740521,-84.492154
Philippines,1992,60422328242.1803,-50338.0,65926125.0,46.815,2.18614789757566,-92.603035
Philippines,1993,62036529147.1831,-298337.0,67530621.0,46.73,2.22290422811899,-86.211234
Philippines,1994,73159336915.2718,-326539.0,69019291.0,46.645,1.99842866877477,-62.921494
Philippines,1995,84644328727.4825,-280327.0,70546246.0,46.56,2.00584888959916,-61.46064
Philippines,1996,94648084429.0341,-128251.0,72190242.0,46.475,2.1209153298837,-9.319008
Philippines,1997,94106317565.0846,-145334.0,73908810.0,46.39,2.16965370367804,-109.59263
Philippines,1998,74492416329.9142,178274.0,75791024.0,46.305,2.3313869005306,-44.246122
Philippines,1999,85640171045.1254,-18323.0,77753257.0,46.22,2.3723210010291,28.630927
Philippines,2000,83669788254.7279,-33868.0,79625397.0,46.135,2.1951948362633,44.471882
Philippines,2001,78921234457.5487,-247496.0,81401488.0,46.05,2.02163263234443,25.424352
Philippines,2002,84307345887.543,-268520.0,83068889.0,45.965,1.8429183631649,-46.439834
Philippines,2003,87039092974.2272,-248066.0,84731835.0,45.88,1.7970188592038,-48.54039
Philippines,2004,95001999685.3314,-273743.0,86394504.0,45.795,1.75782929421418,-45.989424
Philippines,2005,107419977318.166,-326063.0,88015962.0,45.71,1.67362961840003,-35.780437
Philippines,2006,127652926368.069,-566647.0,89508986.0,45.625,1.49595667298796,-7.5047077
Philippines,2007,155980408673.403,-225977.0,91075184.0,45.54,1.54815910724662,-0.72643603
Philippines,2008,181624626327.361,-498480.0,92699095.0,45.455,1.58051153327687,61.197344
Philippines,2009,175974755881.372,-164411.0,94384250.0,45.371,1.61658047139181,36.483895
Philippines,2010,208368893151.144,13556.0,96337125.0,45.332,1.96196058724375,21.613369
Philippines,2011,234216730295.938,-240005.0,98248614.0,45.522,2.38299131718598,57.84896
Philippines,2012,261920540972.102,95702.0,100175512.0,45.712,2.35877441524003,59.09256999999999
Philippines,2013,283902828581.65,-218439.0,102076336.0,45.903,2.29667982527197,72.84195
Philippines,2014,297483555344.802,-196524.0,103767130.0,46.093,2.05589334298163,1.9943852
Philippines,2015,306445871246.718,-390702.0,105312992.0,46.284,1.89227731588436,-53.525914
Philippines,2016,318627003012.52,-309251.0,106735719.0,46.475,1.75372718356756,-11.125197
Philippines,2017,328480736798.792,-263593.0,108119693.0,46.682,1.73271429215336,38.50753
Philippines,2018,346841896583.515,-163602.0,109465287.0,46.907,1.71768683143166,20.907229
Philippines,2019,376823402244.928,-6208.0,110804683.0,47.149,1.73074389719995,1.8208816
Philippines,2020,361751145451.597,-47014.0,112081264.0,47.408,1.69333383387045,34.47651999999999
Philippines,2021,394087359848.11,-85185.0,113100950.0,47.684,1.48615173414499,90.42266000000001
Philippines,2022,404353369604.631,-221754.0,113964338.0,47.977,1.37306015828637,
Philippines,2023,437146372729.942,-164284.0,114891199.0,48.287,1.45406572564598,
Philippines,2024,,-160373.0,,,,
Bangladesh,1970,,,,,,-71.48982600000001
Bangladesh,1971,,,,,,-56.537595
Bangladesh,1972,,,,,,-122.6524
Bangladesh,1973,,,,,,-59.00973
Bangladesh,1974,,,,,,-52.291594
Maldives,1970,,,,,,-55.711705
Maldives,1971,,,,,,-53.0876
Maldives,1972,,,,,,-27.984554
Maldives,1973,,,,,,-35.81209
Maldives,1974,,,,,,-42.4305
Philippines,1970,,,,,,-38.10317
Philippines,1971,,,,,,-23.450306
Philippines,1972,,,,,,-107.11305
Philippines,1973,,,,,,-54.71198
Philippines,1974,,,,,,-54.516654
